Model,Day_ratio,Day_corr,Day_sim_GWh,Day_act_GWh,Night_ratio,Night_corr,Night_sim_GWh,Night_act_GWh,Full_ratio,Full_corr,Full_sim_GWh,Full_act_GWh
Windpowerlib MaStR fleet (ERA5 cutout),140.34644861606728,0.9729155936136842,79802.24046822077,56860.8905,141.64031147318545,0.9802471275543314,86500.32460756386,61070.414,141.01647207318447,0.9763211303882556,166302.56507578466,117931.3045
Atlite (ERA5 cutout),129.11852651010489,0.9721676453756591,73417.94397412421,56860.8905,126.29591859276061,0.9760649339968605,77129.44034970188,61070.414,127.65684646846765,0.973816897557343,150547.3843238261,117931.3045
